"POC Scout Run | 2026-04-28T06:05:11Z | 199 items (github: 54 | hackernews: 73 | reddit: 74) | 15 investigated | model: deterministic | tokens: n/a | poc_explorer 2026.4.21.2, python 3.12.3, opencode 1.14.21",,,,,,,,,,,,,,,,,,,,,,,,,,,,,,,,,
Review: https://pocexplorer.redhataicatalyst.com,,,,,,,,,,,,,,,,,,,,,,,,,,,,,,,,,
title,link,category,problem_statement,proposed_poc,expected_outcome,justification,impact_score,feasibility_score,audience_value,novelty,openshift_fit,container_readiness,dependency_profile,reproduction_confidence,complexity_sweet_spot,stars,stars_velocity,contributors,open_issues,last_commit,language,license,gpu_required,vram_gb,has_dockerfile,install_steps,blockers,risks,classification,classification_reason,sources,pm_decision,pm_comments
microsoft/TRELLIS.2,https://github.com/microsoft/TRELLIS.2,rag,"Microsoft Presents ""TRELLIS.2"": An Open-Source, 4b-Parameter, Image-To-3D Model Producing Up To 1536³ PBR Textured Assets, Built On Native 3D VAES With 16× Spatial Compression, Delivering Efficient, Scalable, High-Fidelity Asset Generation.: https://github.com/user-attachments/assets/63b43a7e-acc7-4c81-a900-6da450527d8f RAG architectures combine retrieval, embedding, and generation services that must communicate reliably under load — a pattern that's straightforward in docs but complex to orchestrate in a containerized environment. Microsoft Presents ""TRELLIS.2"": An Open-Source, 4b-Parameter, Image-To-3D Model Producing Up To 1536³ PBR Textured Assets, Built On Native 3D VAES With 16× Spatial Compression, Delivering Efficient, Scalable, High-Fidelity Asset Generation. provides RAG pipeline components, but OpenShift-specific concerns like inter-pod networking, vector database persistence, and scaling the retrieval tier independently need hands-on validation. A POC lets us confirm the architecture holds up before recommending it to customers.","Containerize and deploy Microsoft Presents ""TRELLIS.2"": An Open-Source, 4b-Parameter, Image-To-3D Model Producing Up To 1536³ PBR Textured Assets, Built On Native 3D VAES With 16× Spatial Compression, Delivering Efficient, Scalable, High-Fidelity Asset Generation. on OpenShift (Python). A Dockerfile will need to be authored as part of the POC. The deployment would exercise OpenShift Services for retrieval-to-generation communication, persistent volumes for vector database storage, and Routes for exposing the query API to external clients.","We would validate whether the retrieval and generation services communicate reliably over OpenShift's internal networking, how vector database persistence behaves across pod restarts, and whether the pipeline scales under concurrent query load. These integration characteristics only surface in a deployed environment.",Python project. Licensed under mit.,8,5.75,9,10,5,6,8,3,6,6178,451,0,109,2026-01-10,Python,mit,unknown,,no,,,No tests directory found.,,,reddit,,
Local model on coding has reached a certain threshold to be feasible for real work,https://www.reddit.com/r/LocalLLaMA/comments/1sxn7x2/local_model_on_coding_has_reached_a_certain/,agents,"Local model on coding has reached a certain threshold to be feasible for real work: We ran open-weight 27B–32B models on Terminal-Bench 2.0 (89 tasks, `terminal-bench-2.git @ 69671fb`) through our agent harness. Best result was Qwen 3.6-27B at **38.2% (34/89)** under the **default** per-task timeout — the same constraint the public leaderboard uses ([Qwen's official post uses a mor Enterprise teams increasingly depend on AI agent workflows for automation, but running agents in production requires orchestration across multiple services, secure secret injection, and network isolation between tenants. Without validating Local model on coding has reached a certain threshold to be feasible for real work on OpenShift, we risk discovering deployment blockers only after committing engineering time to integration. A controlled POC lets us confirm that agent-to-service communication, lifecycle management, and failure recovery work under container orchestration before recommending it to platform customers.","Containerize and deploy Local model on coding has reached a certain threshold to be feasible for real work on OpenShift. A Dockerfile will need to be authored as part of the POC. The deployment would exercise OpenShift Routes for external access, Services for inter-agent communication, ConfigMaps for prompt and tool configuration, and Secrets for API key injection.","This POC would validate whether agent-to-service communication works over OpenShift's internal networking, how the agent handles pod restarts and service discovery, and whether secret injection meets the security model's requirements. These operational dynamics are invisible in source code and only emerge under real orchestration.",,8,,9,10,5,,,,,59,59,,,,,,,,,,,,,,reddit,"Approve(egeiger), Approve(rbelio)",egeiger: because we can | rbelio: test
dsd2077/CyberVerse,https://github.com/dsd2077/CyberVerse,agents,"dsd2077/CyberVerse: > Ever dreamed of having your own J.A.R.V.I.S. — an AI that truly sees you, hears you, and talks back in real time? > > Want to see someone you've lost again, hear their voice, watch them smile at you? > > Or maybe there's a character you've always wished you could bring to life? > > Just one photo. CyberVerse makes them alive. Enterprise teams increasingly depend on AI agent workflows for automation, but running agents in production requires orchestration across multiple services, secure secret injection, and network isolation between tenants. Without validating dsd2077/CyberVerse on OpenShift, we risk discovering deployment blockers only after committing engineering time to integration. A controlled POC lets us confirm that agent-to-service communication, lifecycle management, and failure recovery work under container orchestration before recommending it to platform customers.","Containerize and deploy dsd2077/CyberVerse on OpenShift (Python). Build the container image using: pip install ""huggingface_hub[cli]"". Configure GPU node scheduling and validate resource quota enforcement. The deployment would exercise OpenShift Routes for external access, Services for inter-agent communication, ConfigMaps for prompt and tool configuration, and Secrets for API key injection.","This POC would validate whether agent-to-service communication works over OpenShift's internal networking, how the agent handles pod restarts and service discovery, and whether secret injection meets the security model's requirements. These operational dynamics are invisible in source code and only emerge under real orchestration.",Python project. Licensed under gpl-3.0. Requires GPU.,7.67,5.75,9,9,5,6,6,5,6,219,21.9,0,2,2026-04-27,Python,gpl-3.0,yes,,no,"pip install ""huggingface_hub[cli]""",,,,,github,,
hpennington/agentswift,https://github.com/hpennington/agentswift,agents,"Show HN: AgentSwift – Open-source iOS builder agent: Download AgentSwift-0.1.zip You must install the dependencies listed below in order for the binary to work. See below for setup commands. Enterprise teams increasingly depend on AI agent workflows for automation, but running agents in production requires orchestration across multiple services, secure secret injection, and network isolation between tenants. Without validating Show HN: AgentSwift – Open-source iOS builder agent on OpenShift, we risk discovering deployment blockers only after committing engineering time to integration. A controlled POC lets us confirm that agent-to-service communication, lifecycle management, and failure recovery work under container orchestration before recommending it to platform customers.","Containerize and deploy Show HN: AgentSwift – Open-source iOS builder agent on OpenShift (Swift). A Dockerfile will need to be authored as part of the POC. The deployment would exercise OpenShift Routes for external access, Services for inter-agent communication, ConfigMaps for prompt and tool configuration, and Secrets for API key injection.","This POC would validate whether agent-to-service communication works over OpenShift's internal networking, how the agent handles pod restarts and service discovery, and whether secret injection meets the security model's requirements. These operational dynamics are invisible in source code and only emerge under real orchestration.",Swift project.,7.67,4.5,9,9,5,4,5,3,6,42,30,0,0,2026-04-28,Swift,,unknown,,no,,,No tests directory found.,,,hackernews,,
Claude-powered AI coding agent deletes company database in 9 seconds,https://www.tomshardware.com/tech-industry/artificial-intelligence/claude-powered-ai-coding-agent-deletes-entire-company-database-in-9-seconds-backups-zapped-after-cursor-tool-powered-by-anthropics-claude-goes-rogue,agents,"Enterprise teams increasingly depend on AI agent workflows for automation, but running agents in production requires orchestration across multiple services, secure secret injection, and network isolation between tenants. Without validating Claude-powered AI coding agent deletes company database in 9 seconds on OpenShift, we risk discovering deployment blockers only after committing engineering time to integration. A controlled POC lets us confirm that agent-to-service communication, lifecycle management, and failure recovery work under container orchestration before recommending it to platform customers.","Containerize and deploy Claude-powered AI coding agent deletes company database in 9 seconds on OpenShift. A Dockerfile will need to be authored as part of the POC. The deployment would exercise OpenShift Routes for external access, Services for inter-agent communication, ConfigMaps for prompt and tool configuration, and Secrets for API key injection.","This POC would validate whether agent-to-service communication works over OpenShift's internal networking, how the agent handles pod restarts and service discovery, and whether secret injection meets the security model's requirements. These operational dynamics are invisible in source code and only emerge under real orchestration.",,7.67,,9,9,5,,,,,26,26,,,,,,,,,,,,,,hackernews,,
Why is disabling thinking for coding models a good idea?,https://www.reddit.com/r/LocalLLaMA/comments/1sx8z3b/why_is_disabling_thinking_for_coding_models_a/,agents,"Why is disabling thinking for coding models a good idea?: I've seen several people recommend **disabling thinking** for models when used in agent encoding, but I haven't been able to find any reasoning behind it. 

Could you please share details on this topic?  Enterprise teams increasingly depend on AI agent workflows for automation, but running agents in production requires orchestration across multiple services, secure secret injection, and network isolation between tenants. Without validating Why is disabling thinking for coding models a good idea? on OpenShift, we risk discovering deployment blockers only after committing engineering time to integration. A controlled POC lets us confirm that agent-to-service communication, lifecycle management, and failure recovery work under container orchestration before recommending it to platform customers.","Containerize and deploy Why is disabling thinking for coding models a good idea? on OpenShift. A Dockerfile will need to be authored as part of the POC. The deployment would exercise OpenShift Routes for external access, Services for inter-agent communication, ConfigMaps for prompt and tool configuration, and Secrets for API key injection.","This POC would validate whether agent-to-service communication works over OpenShift's internal networking, how the agent handles pod restarts and service discovery, and whether secret injection meets the security model's requirements. These operational dynamics are invisible in source code and only emerge under real orchestration.",,7.67,,9,9,5,,,,,21,21,,,,,,,,,,,,,,reddit,,
Deepseek V4 Pro Ollama Cloud is not working compare to OpenCode Go,https://www.reddit.com/r/ollama/comments/1sxiwvz/deepseek_v4_pro_ollama_cloud_is_not_working/,inference,"Deepseek V4 Pro Ollama Cloud is not working compare to OpenCode Go: Just wanted to share some experience to anyone who interested in Deepseek V4 Pro in Ollama Cloud.

I had been waiting for Deepseek V4 Pro to be available on Ollama Cloud for the past few days, but unfortunately, it hasn’t been working. Every other minute, the responses are dropped. On the other hand Serving AI models at production scale demands GPU scheduling, request-level autoscaling, and reliable health monitoring — none of which can be verified by reading documentation alone. Deepseek V4 Pro Ollama Cloud is not working compare to OpenCode Go claims inference-serving capabilities, but without a containerized deployment test we cannot confirm latency characteristics, GPU utilization efficiency, or compatibility with OpenShift's resource quota system. This POC would surface any gaps before teams build production pipelines on top of it.","Containerize and deploy Deepseek V4 Pro Ollama Cloud is not working compare to OpenCode Go on OpenShift. A Dockerfile will need to be authored as part of the POC. The deployment would exercise OpenShift Routes for model endpoints, GPU node selectors for accelerator scheduling, horizontal pod autoscaling for request-driven scaling, and health probes for readiness gating.","This POC would confirm whether the inference server starts reliably inside an OpenShift pod, how it handles GPU scheduling and resource quotas, and whether request latency stays within acceptable bounds under containerized networking. These are questions that cannot be answered by reading the project README — they require a live deployment.",,7.67,,9,7,7,,,,,6,6,,,,,,,,,,,,,,reddit,,
vishalmdi/ai-native-pm-os,https://github.com/vishalmdi/ai-native-pm-os,agents,"vishalmdi/ai-native-pm-os: > Not a tutorial. A real, deployable work infrastructure. > By the time you finish, you won't just know Claude Code — you'll have a working PM command center you use every day. Enterprise teams increasingly depend on AI agent workflows for automation, but running agents in production requires orchestration across multiple services, secure secret injection, and network isolation between tenants. Without validating vishalmdi/ai-native-pm-os on OpenShift, we risk discovering deployment blockers only after committing engineering time to integration. A controlled POC lets us confirm that agent-to-service communication, lifecycle management, and failure recovery work under container orchestration before recommending it to platform customers.","Containerize and deploy vishalmdi/ai-native-pm-os on OpenShift (Shell). A Dockerfile will need to be authored as part of the POC. The deployment would exercise OpenShift Routes for external access, Services for inter-agent communication, ConfigMaps for prompt and tool configuration, and Secrets for API key injection.","This POC would validate whether agent-to-service communication works over OpenShift's internal networking, how the agent handles pod restarts and service discovery, and whether secret injection meets the security model's requirements. These operational dynamics are invisible in source code and only emerge under real orchestration.",Shell project.,7.33,4.5,9,8,5,4,5,3,6,51,10.2,0,0,2026-04-27,Shell,,unknown,,no,,,No tests directory found.,,,github,,
"Hot Take: If Kubernetes wants us to start using gateway api instead of ingress, it should no longer be an addon",https://www.reddit.com/r/kubernetes/comments/1sxmti8/hot_take_if_kubernetes_wants_us_to_start_using/,dev-tooling,"Hot Take: If Kubernetes wants us to start using gateway api instead of ingress, it should no longer be an addon: I really like the idea of gateway and what it provides us the ability to do. But the DX around getting it up and running is not where it should be for what is now the recommended replacement to a core feature. 

Ingress worked as well as it did because it was there by default, we only had to provide Developer tools hosted on OpenShift need to handle authentication, persistent sessions, and multi-user access patterns that differ significantly from local development usage. Hot Take: If Kubernetes wants us to start using gateway api instead of ingress, it should no longer be an addon offers developer-facing capabilities, but we need to verify that it works as a hosted service — including OAuth integration, workspace isolation, and resource limits under concurrent use. A POC surfaces operational concerns before the tool is offered to development teams.","Containerize and deploy Hot Take: If Kubernetes wants us to start using gateway api instead of ingress, it should no longer be an addon on OpenShift. A Dockerfile will need to be authored as part of the POC. The deployment would exercise OpenShift Routes with OAuth proxy for authenticated access, persistent volumes for workspace state, and resource limits to ensure fair scheduling under concurrent user load.","We would learn whether the tool supports multi-user access with proper session isolation, integrates with OpenShift's OAuth proxy for authentication, and maintains acceptable performance under concurrent usage. These hosted-service concerns are absent from local development documentation.",,7.33,,3,10,9,,,,,52,52,,,,,,,,,,,,,,reddit,,
"A container with 32 millicores sometimes finished builds faster than a 4-core Jenkins server. That felt wrong. 

Digging into why led to a bigger question — CPU scheduling got dramatically smarter 
over a decade. Why does memory still behave like it's 2015?",https://medium.com/activated-thinker/why-cpus-got-smarter-but-memory-still-didnt-60fc5046f91d?sk=6a63c9e7c601eef65f10281f1587553f,dev-tooling,"Developer tools hosted on OpenShift need to handle authentication, persistent sessions, and multi-user access patterns that differ significantly from local development usage. A container with 32 millicores sometimes finished builds faster than a 4-core Jenkins server. That felt wrong. 

Digging into why led to a bigger question — CPU scheduling got dramatically smarter 
over a decade. Why does memory still behave like it's 2015? offers developer-facing capabilities, but we need to verify that it works as a hosted service — including OAuth integration, workspace isolation, and resource limits under concurrent use. A POC surfaces operational concerns before the tool is offered to development teams.","Containerize and deploy A container with 32 millicores sometimes finished builds faster than a 4-core Jenkins server. That felt wrong. 

Digging into why led to a bigger question — CPU scheduling got dramatically smarter 
over a decade. Why does memory still behave like it's 2015? on OpenShift. A Dockerfile will need to be authored as part of the POC. The deployment would exercise OpenShift Routes with OAuth proxy for authenticated access, persistent volumes for workspace state, and resource limits to ensure fair scheduling under concurrent user load.","We would learn whether the tool supports multi-user access with proper session isolation, integrates with OpenShift's OAuth proxy for authentication, and maintains acceptable performance under concurrent usage. These hosted-service concerns are absent from local development documentation.",,7.33,,9,6,7,,,,,5,5,,,,,,,,,,,,,,reddit,,
Growth-Circle/cadis,https://github.com/Growth-Circle/cadis,inference,"Growth-Circle/cadis: Local-first multi-agent runtime for desktop work, native tools, approvals, voice, and isolated coding workflows.  Serving AI models at production scale demands GPU scheduling, request-level autoscaling, and reliable health monitoring — none of which can be verified by reading documentation alone. Growth-Circle/cadis claims inference-serving capabilities, but without a containerized deployment test we cannot confirm latency characteristics, GPU utilization efficiency, or compatibility with OpenShift's resource quota system. This POC would surface any gaps before teams build production pipelines on top of it.","Containerize and deploy Growth-Circle/cadis on OpenShift (Rust). A Dockerfile will need to be authored as part of the POC. The deployment would exercise OpenShift Routes for model endpoints, GPU node selectors for accelerator scheduling, horizontal pod autoscaling for request-driven scaling, and health probes for readiness gating.","This POC would confirm whether the inference server starts reliably inside an OpenShift pod, how it handles GPU scheduling and resource quotas, and whether request latency stays within acceptable bounds under containerized networking. These are questions that cannot be answered by reading the project README — they require a live deployment.",Rust project. Licensed under other.,7,5.5,9,8,4,6,7,3,6,33,16.5,0,0,2026-04-28,Rust,other,unknown,,no,,,No tests directory found.,,,github,,
larksuite/aamp,https://github.com/larksuite/aamp,agents,"larksuite/aamp: 中文版 Enterprise teams increasingly depend on AI agent workflows for automation, but running agents in production requires orchestration across multiple services, secure secret injection, and network isolation between tenants. Without validating larksuite/aamp on OpenShift, we risk discovering deployment blockers only after committing engineering time to integration. A controlled POC lets us confirm that agent-to-service communication, lifecycle management, and failure recovery work under container orchestration before recommending it to platform customers.","Containerize and deploy larksuite/aamp on OpenShift (TypeScript). A Dockerfile will need to be authored as part of the POC. The deployment would exercise OpenShift Routes for external access, Services for inter-agent communication, ConfigMaps for prompt and tool configuration, and Secrets for API key injection.","This POC would validate whether agent-to-service communication works over OpenShift's internal networking, how the agent handles pod restarts and service discovery, and whether secret injection meets the security model's requirements. These operational dynamics are invisible in source code and only emerge under real orchestration.",TypeScript project. Licensed under mit.,7,5.75,9,7,5,6,8,3,6,32,5.3,0,0,2026-04-27,TypeScript,mit,unknown,,no,,,No tests directory found.,,,github,,
"For the average price of a car in the US, you could buy 4 new Chinese EVs",https://english.kyodonews.net/articles/-/75029,rag,"RAG architectures combine retrieval, embedding, and generation services that must communicate reliably under load — a pattern that's straightforward in docs but complex to orchestrate in a containerized environment. For the average price of a car in the US, you could buy 4 new Chinese EVs provides RAG pipeline components, but OpenShift-specific concerns like inter-pod networking, vector database persistence, and scaling the retrieval tier independently need hands-on validation. A POC lets us confirm the architecture holds up before recommending it to customers.","Containerize and deploy For the average price of a car in the US, you could buy 4 new Chinese EVs on OpenShift. A Dockerfile will need to be authored as part of the POC. The deployment would exercise OpenShift Services for retrieval-to-generation communication, persistent volumes for vector database storage, and Routes for exposing the query API to external clients.","We would validate whether the retrieval and generation services communicate reliably over OpenShift's internal networking, how vector database persistence behaves across pod restarts, and whether the pipeline scales under concurrent query load. These integration characteristics only surface in a deployed environment.",,7,,9,7,5,,,,,7,7,,,,,,,,,,,,,,hackernews,,
INT8 quantization gives me better accuracy than FP16 ! [D],https://www.reddit.com/r/MachineLearning/comments/1sx35es/int8_quantization_gives_me_better_accuracy_than/,inference,"INT8 quantization gives me better accuracy than FP16 ! [D]: Hi everyone,

I’m working on a deep learning model and I noticed something strange.

When I compare different precisions: FP32 (baseline)

FP16 , INT8 (post-training quantization)

I’m getting better inference accuracy with INT8 than FP16, which I didn’t expect.

I thought FP16 should be closer to F Serving AI models at production scale demands GPU scheduling, request-level autoscaling, and reliable health monitoring — none of which can be verified by reading documentation alone. INT8 quantization gives me better accuracy than FP16 ! [D] claims inference-serving capabilities, but without a containerized deployment test we cannot confirm latency characteristics, GPU utilization efficiency, or compatibility with OpenShift's resource quota system. This POC would surface any gaps before teams build production pipelines on top of it.","Containerize and deploy INT8 quantization gives me better accuracy than FP16 ! [D] on OpenShift. A Dockerfile will need to be authored as part of the POC. The deployment would exercise OpenShift Routes for model endpoints, GPU node selectors for accelerator scheduling, horizontal pod autoscaling for request-driven scaling, and health probes for readiness gating.","This POC would confirm whether the inference server starts reliably inside an OpenShift pod, how it handles GPU scheduling and resource quotas, and whether request latency stays within acceptable bounds under containerized networking. These are questions that cannot be answered by reading the project README — they require a live deployment.",,7,,9,7,5,,,,,8,8,,,,,,,,,,,,,,reddit,,
Why aren't people using omni models for speech agents?,https://www.reddit.com/r/LocalLLaMA/comments/1sx8c91/why_arent_people_using_omni_models_for_speech/,agents,"Why aren't people using omni models for speech agents?: I've been benchmarking open source omni models like Qwen3-Omni for speech to speech tasks and they perform... really well. Direct speech-to-speech is fast compared to the chained STT -&gt; LLM -&gt; TTS pipelines.



https://preview.redd.it/o3ylyr6rarxg1.png?width=2784&amp;format=png&amp;auto=webp&a Enterprise teams increasingly depend on AI agent workflows for automation, but running agents in production requires orchestration across multiple services, secure secret injection, and network isolation between tenants. Without validating Why aren't people using omni models for speech agents? on OpenShift, we risk discovering deployment blockers only after committing engineering time to integration. A controlled POC lets us confirm that agent-to-service communication, lifecycle management, and failure recovery work under container orchestration before recommending it to platform customers.","Containerize and deploy Why aren't people using omni models for speech agents? on OpenShift. A Dockerfile will need to be authored as part of the POC. The deployment would exercise OpenShift Routes for external access, Services for inter-agent communication, ConfigMaps for prompt and tool configuration, and Secrets for API key injection.","This POC would validate whether agent-to-service communication works over OpenShift's internal networking, how the agent handles pod restarts and service discovery, and whether secret injection meets the security model's requirements. These operational dynamics are invisible in source code and only emerge under real orchestration.",,7,,9,7,5,,,,,7,7,,,,,,,,,,,,,,reddit,,